id,type,name,size_type,premium_yn,wild_yn,group_type,samsung_yn,delete_yn,created_at,updated_at
1101,강아지,"기타A/믹스견 (5kg 이하)",소형견,n,n,그룹없음,NULL,n,"2021-09-07 12:40:46","2021-11-14 22:36:59"
1102,강아지,"기타B/믹스견 (5kg 초과 12kg 미만)",소형견,n,n,그룹없음,NULL,n,"2021-09-07 12:40:46","2021-11-02 23:04:02"
1103,강아지,노리치테리어,소형견,n,n,그룹1,NULL,n,"2021-09-07 12:40:46","2021-09-12 03:00:37"
1104,강아지,노르포크테리어,소형견,n,n,그룹1,NULL,n,"2021-09-07 12:40:46","2021-09-12 03:00:37"
1105,강아지,닥스훈트,소형견,n,n,그룹3,NULL,n,"2021-09-07 12:40:46","2021-09-12 03:00:37"
1106,강아지,댄디딘몬테리어,소형견,n,n,그룹1,NULL,n,"2021-09-07 12:40:46","2021-09-12 03:00:37"
1107,강아지,라사압소,소형견,n,n,그룹1,NULL,n,"2021-09-07 12:40:46","2021-09-12 03:00:37"
1108,강아지,레이크랜드테리어,소형견,n,n,그룹1,NULL,n,"2021-09-07 12:40:46","2021-09-12 03:00:37"
1109,강아지,"말티즈 (몰티즈)",소형견,n,n,그룹2,NULL,n,"2021-09-07 12:40:46","2021-09-12 03:00:37"
1110,강아지,미니어처닥스훈트,소형견,n,n,그룹3,NULL,n,"2021-09-07 12:40:46","2021-09-12 03:00:37"
1111,강아지,미니어처불테리어,소형견,y,n,그룹3,NULL,n,"2021-09-07 12:40:46","2021-09-12 03:00:37"
1112,강아지,미니어처슈나우저,소형견,n,n,그룹1,NULL,n,"2021-09-07 12:40:46","2021-09-12 03:00:37"
1113,강아지,미니어처푸들,소형견,n,n,그룹1,NULL,n,"2021-09-07 12:40:46","2021-09-12 03:00:37"
1114,강아지,미니어처핀셔,소형견,n,n,그룹2,NULL,n,"2021-09-07 12:40:46","2021-09-12 03:00:37"
1115,강아지,바센지,소형견,n,n,그룹1,NULL,n,"2021-09-07 12:40:46","2021-09-12 03:00:37"
1116,강아지,베들링턴테리어,소형견,n,n,그룹1,NULL,n,"2021-09-07 12:40:46","2021-09-12 03:00:37"
1117,강아지,보스턴테리어,소형견,n,n,그룹2,NULL,n,"2021-09-07 12:40:46","2021-09-12 03:00:37"
1118,강아지,볼로그네제,소형견,n,n,NULL,NULL,n,"2021-09-07 12:40:46","2021-09-12 03:00:37"
1119,강아지,브뤼셀그리펀,소형견,n,n,그룹1,NULL,n,"2021-09-07 12:40:46","2021-09-12 03:00:37"
1120,강아지,비글,소형견,n,n,그룹2,NULL,n,"2021-09-07 12:40:46","2021-09-12 03:00:37"
1121,강아지,비숑프리제,소형견,n,n,그룹2,NULL,n,"2021-09-07 12:40:46","2021-09-12 03:00:37"
1122,강아지,셔틀랜드쉽독,소형견,n,n,그룹2,NULL,n,"2021-09-07 12:40:46","2021-09-12 03:00:37"
1123,강아지,스코티시테리어,소형견,n,n,그룹2,NULL,n,"2021-09-07 12:40:46","2021-09-12 03:00:37"
1124,강아지,스키퍼키,소형견,n,n,NULL,NULL,n,"2021-09-07 12:40:46","2021-09-12 03:00:37"
1125,강아지,"시바 (시바이누)",소형견,n,n,그룹1,NULL,n,"2021-09-07 12:40:46","2021-09-12 03:00:37"
1126,강아지,"시추 (시츄)",소형견,n,n,그룹3,NULL,n,"2021-09-07 12:40:46","2021-09-12 03:00:37"
1127,강아지,실리햄테리어,소형견,n,n,그룹1,NULL,n,"2021-09-07 12:40:46","2021-09-12 03:00:37"
1128,강아지,요크셔테리어,소형견,n,n,그룹2,NULL,n,"2021-09-07 12:40:46","2021-09-12 03:00:37"
1129,강아지,웨스트하이랜드화이트테리어,소형견,n,n,그룹3,NULL,n,"2021-09-07 12:40:46","2021-09-12 03:00:37"
1130,강아지,"웰시코기 (웰시코기펨브록)",소형견,n,n,그룹2,NULL,n,"2021-09-07 12:40:46","2021-09-12 03:00:37"
1131,강아지,웰시테리어,소형견,n,n,그룹1,NULL,n,"2021-09-07 12:40:46","2021-09-12 03:00:37"
1132,강아지,이탈리안그레이하운드,소형견,n,n,그룹2,NULL,n,"2021-09-07 12:40:46","2021-09-12 03:00:37"
1133,강아지,잭러셀테리어,소형견,n,n,그룹1,NULL,n,"2021-09-07 12:40:46","2021-09-12 03:00:37"
1134,강아지,제페니즈스피츠,소형견,n,n,그룹1,NULL,n,"2021-09-07 12:40:46","2021-09-12 03:00:37"
1135,강아지,제패니즈칭,소형견,n,n,그룹1,NULL,n,"2021-09-07 12:40:46","2021-09-12 03:00:37"
1136,강아지,제페니즈테리어,소형견,n,n,NULL,NULL,n,"2021-09-07 12:40:46","2021-09-12 03:00:37"
1137,강아지,차이니즈크래스티드독,소형견,n,n,그룹1,NULL,n,"2021-09-07 12:40:46","2021-09-12 03:00:37"
1138,강아지,치와와,소형견,n,n,그룹1,NULL,n,"2021-09-07 12:40:46","2021-09-12 03:00:37"
1139,강아지,웰시코기카디건,소형견,n,n,NULL,NULL,n,"2021-09-07 12:40:46","2021-09-12 03:00:37"
1140,강아지,캐발리아킹찰스스파니엘,소형견,n,n,그룹3,NULL,n,"2021-09-07 12:40:46","2021-09-12 03:00:37"
1141,강아지,케언테리어,소형견,n,n,그룹1,NULL,n,"2021-09-07 12:40:46","2021-09-12 03:00:37"
1142,강아지,쿠이커혼제,소형견,n,n,NULL,NULL,n,"2021-09-07 12:40:46","2021-09-12 03:00:37"
1143,강아지,토이맨체스터테리어,소형견,n,n,그룹1,NULL,n,"2021-09-07 12:40:46","2021-09-12 03:00:37"
1144,강아지,토이푸들,소형견,n,n,그룹1,NULL,n,"2021-09-07 12:40:46","2021-09-12 03:00:37"
1145,강아지,티베탄스파니엘,소형견,n,n,NULL,NULL,n,"2021-09-07 12:40:46","2021-09-12 03:00:37"
1146,강아지,"빠삐용(파피용, 콘티넨탈토이스파니엘)",소형견,n,n,그룹1,NULL,n,"2021-09-07 12:40:46","2021-09-12 03:00:37"
1147,강아지,퍼그,소형견,n,n,그룹3,NULL,n,"2021-09-07 12:40:46","2021-09-12 03:00:37"
1148,강아지,"패키니즈 (퍼니키즈)",소형견,n,n,그룹2,NULL,n,"2021-09-07 12:40:46","2021-09-12 03:00:37"
1149,강아지,포메라니안,소형견,n,n,그룹2,NULL,n,"2021-09-07 12:40:46","2021-09-12 03:00:37"
1150,강아지,폭스테리어,소형견,n,n,그룹2,NULL,n,"2021-09-07 12:40:46","2021-09-12 03:00:37"
1151,강아지,카닌헨닥스훈트,소형견,n,n,NULL,NULL,n,"2021-09-07 12:40:46","2021-09-12 03:00:37"
1201,강아지,"기타C/믹스견 (15kg 초과 25kg 이하)",중형견,n,n,그룹없음,NULL,n,"2021-09-07 12:40:46","2022-01-14 17:48:01"
1202,강아지,미디엄푸들,중형견,n,n,그룹없음,NULL,n,"2021-09-07 12:40:46","2021-11-03 10:48:55"
1203,강아지,보더콜리,중형견,n,n,그룹1,NULL,n,"2021-09-07 12:40:46","2021-09-12 03:00:37"
1204,강아지,불테리어,중형견,y,n,그룹3,NULL,n,"2021-09-07 12:40:46","2021-09-12 03:00:37"
1205,강아지,브리타니스파니엘,중형견,n,n,그룹1,NULL,n,"2021-09-07 12:40:46","2021-09-12 03:00:37"
1206,강아지,비어디드콜리,중형견,y,n,그룹3,NULL,n,"2021-09-07 12:40:46","2021-09-12 03:00:37"
1207,강아지,삽살개,중형견,n,n,그룹1,NULL,n,"2021-09-07 12:40:46","2021-09-12 03:00:37"
1208,강아지,스탠다드슈나우저,중형견,n,n,그룹1,NULL,n,"2021-09-07 12:40:46","2021-09-12 03:00:37"
1209,강아지,스태퍼드셔불테리어,중형견,y,y,그룹3,NULL,n,"2021-09-07 12:40:46","2021-09-12 03:00:37"
1210,강아지,아메리칸스태퍼드셔테리어,중형견,y,y,그룹2,NULL,n,"2021-09-07 12:40:46","2021-09-12 03:00:37"
1211,강아지,아메리칸코카스파니엘,중형견,n,n,그룹3,NULL,n,"2021-09-07 12:40:46","2021-09-12 03:00:37"
1212,강아지,아이리시테리어,중형견,n,n,NULL,NULL,n,"2021-09-07 12:40:46","2021-09-12 03:00:37"
1213,강아지,오스트렐리안케틀독,중형견,n,n,그룹1,NULL,n,"2021-09-07 12:40:46","2021-09-12 03:00:37"
1214,강아지,잉글리시스프링어스파니엘,중형견,n,n,그룹3,NULL,n,"2021-09-07 12:40:46","2021-09-12 03:00:37"
1215,강아지,잉글리시코카스페니엘,중형견,n,n,그룹1,NULL,n,"2021-09-07 12:40:46","2021-09-12 03:00:37"
1216,강아지,저먼핀셔,중형견,n,n,NULL,NULL,n,"2021-09-07 12:40:46","2021-09-12 03:00:37"
1217,강아지,"진돗개 (진도)",중형견,n,n,그룹1,NULL,n,"2021-09-07 12:40:46","2021-09-12 03:00:37"
1218,강아지,"카이견 (카이)",중형견,n,n,그룹1,NULL,n,"2021-09-07 12:40:46","2021-09-12 03:00:37"
1219,강아지,케리블루테리어,중형견,n,n,그룹1,NULL,n,"2021-09-07 12:40:46","2021-09-12 03:00:37"
1220,강아지,케이스혼트,중형견,n,n,NULL,NULL,n,"2021-09-07 12:40:46","2021-09-12 03:00:37"
1221,강아지,티베탄테리어,중형견,n,n,NULL,NULL,n,"2021-09-07 12:40:46","2021-09-12 03:00:37"
1222,강아지,폴리시롤런드쉽독,중형견,n,n,NULL,NULL,n,"2021-09-07 12:40:46","2021-09-12 03:00:37"
1223,강아지,풀리,중형견,n,n,그룹1,NULL,n,"2021-09-07 12:40:46","2021-09-12 03:00:37"
1224,강아지,프랜치불독,중형견,y,n,그룹3,NULL,n,"2021-09-07 12:40:46","2021-09-12 03:00:37"
1225,강아지,프티바세그리퐁방댕,중형견,n,n,NULL,NULL,n,"2021-09-07 12:40:46","2021-09-12 03:00:37"
1226,강아지,"홋카이도견 (호카이도)",중형견,n,n,그룹1,NULL,n,"2021-09-07 12:40:46","2021-09-12 03:00:37"
1227,강아지,"휘핏 (휘펫)",중형견,n,n,그룹3,NULL,n,"2021-09-07 12:40:46","2021-09-12 03:00:37"
1228,강아지,피레니안쉽독,중형견,n,n,NULL,NULL,n,"2021-09-07 12:40:46","2021-09-12 03:00:37"
1301,강아지,골든리트리버,대형견,n,n,그룹3,NULL,n,"2021-09-07 12:40:46","2021-09-12 03:00:37"
1302,강아지,그레이트덴,대형견,n,n,그룹3,NULL,n,"2021-09-07 12:40:46","2021-09-12 03:00:37"
1303,강아지,그레이트피레니즈,대형견,y,n,그룹3,NULL,n,"2021-09-07 12:40:46","2021-09-12 03:00:37"
1304,강아지,"기타D/믹스견 (25kg 초과 35kg 이하)",대형견,n,n,NULL,NULL,n,"2021-09-07 12:40:46","2021-09-12 03:00:37"
1305,강아지,"기타E/믹스견 (35kg 초과)",대형견,n,n,NULL,NULL,n,"2021-09-07 12:40:46","2021-09-12 03:00:37"
1306,강아지,나폴리탄마스티프,대형견,y,n,그룹3,NULL,n,"2021-09-07 12:40:46","2021-09-12 03:00:37"
1307,강아지,뉴펀들랜드,대형견,y,n,그룹3,NULL,n,"2021-09-07 12:40:46","2021-09-12 03:00:37"
1308,강아지,달마시안,대형견,n,n,그룹2,NULL,n,"2021-09-07 12:40:46","2021-09-12 03:00:37"
1309,강아지,"도베르만 (도베르만핀셔)",대형견,y,n,그룹3,NULL,n,"2021-09-07 12:40:46","2021-09-12 03:00:37"
1310,강아지,도사견,대형견,y,y,그룹없음,NULL,n,"2021-09-07 12:40:46","2021-11-03 11:56:34"
1311,강아지,라브라도리트리버,대형견,n,n,그룹3,NULL,n,"2021-09-07 12:40:46","2021-09-12 03:00:37"
1312,강아지,로트와일러(롯트바일러),대형견,y,y,그룹2,NULL,n,"2021-09-07 12:40:46","2021-09-12 03:00:37"
1313,강아지,마스티프,대형견,y,n,그룹3,NULL,n,"2021-09-07 12:40:46","2021-09-12 03:00:37"
1314,강아지,바셋하운드,대형견,n,n,그룹3,NULL,n,"2021-09-07 12:40:46","2021-09-12 03:00:37"
1315,강아지,버니즈마운틴독,대형견,y,n,그룹3,NULL,n,"2021-09-07 12:40:46","2021-09-12 03:00:37"
1316,강아지,볼조이,대형견,n,n,그룹2,NULL,n,"2021-09-07 12:40:46","2021-09-12 03:00:37"
1317,강아지,복서,대형견,n,n,그룹3,NULL,n,"2021-09-07 12:40:46","2021-09-12 03:00:37"
1318,강아지,불마스티프,대형견,y,n,그룹3,NULL,n,"2021-09-07 12:40:46","2021-09-12 03:00:37"
1319,강아지,불독,대형견,y,n,그룹3,NULL,n,"2021-09-07 12:40:46","2021-09-12 03:00:37"
1320,강아지,사모예드,대형견,n,n,그룹3,NULL,n,"2021-09-07 12:40:46","2021-09-12 03:00:37"
1321,강아지,살루키,대형견,n,n,그룹2,NULL,n,"2021-09-07 12:40:46","2021-09-12 03:00:37"
1322,강아지,세인트버나드,대형견,y,n,그룹3,NULL,n,"2021-09-07 12:40:46","2021-09-12 03:00:37"
1323,강아지,스탠다드푸들,대형견,n,n,그룹2,NULL,n,"2021-09-07 12:40:46","2021-09-12 03:00:37"
1324,강아지,시베리안허스키,대형견,y,n,그룹3,NULL,n,"2021-09-07 12:40:46","2021-09-12 03:00:37"
1325,강아지,아메리칸핏불테리어,대형견,y,y,그룹3,NULL,n,"2021-09-07 12:40:46","2021-09-12 03:00:37"
1326,강아지,아이리시세터,대형견,n,n,그룹3,NULL,n,"2021-09-07 12:40:46","2021-09-12 03:00:37"
1327,강아지,아이리시울프하운드,대형견,y,n,그룹3,NULL,n,"2021-09-07 12:40:46","2021-09-12 03:00:37"
1328,강아지,아키다,대형견,n,n,그룹2,NULL,n,"2021-09-07 12:40:46","2021-09-12 03:00:37"
1329,강아지,아프간하운드,대형견,n,n,그룹2,NULL,n,"2021-09-07 12:40:46","2021-09-12 03:00:37"
1330,강아지,알라스칸말라뮤트,대형견,y,n,그룹3,NULL,n,"2021-09-07 12:40:46","2021-09-12 03:00:37"
1331,강아지,에어델테리어,대형견,n,n,그룹2,NULL,n,"2021-09-07 12:40:46","2021-09-12 03:00:37"
1332,강아지,오스트렐리안세퍼드,대형견,n,n,그룹2,NULL,n,"2021-09-07 12:40:46","2021-09-12 03:00:37"
1333,강아지,올드잉글리시쉽독,대형견,n,n,그룹3,NULL,n,"2021-09-07 12:40:46","2021-09-12 03:00:37"
1334,강아지,와이마리너,대형견,n,n,그룹3,NULL,n,"2021-09-07 12:40:46","2021-09-12 03:00:37"
1335,강아지,저먼셰퍼드,대형견,y,n,그룹3,NULL,n,"2021-09-07 12:40:46","2021-09-12 03:00:37"
1336,강아지,티베탄마스티프,대형견,y,n,그룹3,NULL,n,"2021-09-07 12:40:46","2021-09-12 03:00:37"
1337,강아지,풍산견,대형견,n,n,그룹2,NULL,n,"2021-09-07 12:40:46","2021-09-12 03:00:37"
1338,강아지,플랫코티드리트리버,대형견,n,n,그룹3,NULL,n,"2021-09-07 12:40:46","2021-09-12 03:00:37"
1339,강아지,화이트셰퍼드도그,대형견,n,n,NULL,NULL,n,"2021-09-07 12:40:46","2021-09-12 03:00:37"
1340,강아지,"믹스견(20kg 이상 45kg 미만)",대형견,n,n,그룹없음,NULL,n,"2021-09-07 12:40:46","2022-01-20 13:56:55"
1341,강아지,믹스견(45kg이상),대형견,y,n,NULL,NULL,n,"2021-09-07 12:40:46","2021-09-12 03:00:37"
1401,강아지,가스콩생통주아,미분류,n,n,NULL,NULL,n,"2021-09-07 12:40:46","2021-09-12 03:00:37"
1402,강아지,갈고에스파뇨르,미분류,n,n,NULL,NULL,n,"2021-09-07 12:40:46","2021-09-12 03:00:37"
1403,강아지,고든세터,미분류,n,n,NULL,NULL,n,"2021-09-07 12:40:46","2021-09-12 03:00:37"
1404,강아지,골든두들,미분류,n,n,NULL,NULL,n,"2021-09-07 12:40:46","2021-09-12 03:00:37"
1405,강아지,그레이터스위스마운틴도그,미분류,n,n,NULL,NULL,n,"2021-09-07 12:40:46","2021-09-12 03:00:37"
1406,강아지,그레이하운드,미분류,n,n,그룹2,NULL,n,"2021-09-07 12:40:46","2021-09-12 03:00:37"
1407,강아지,그리퐁방뎅,미분류,n,n,NULL,NULL,n,"2021-09-07 12:40:46","2021-09-12 03:00:37"
1408,강아지,그릭헤어하운드,미분류,n,n,NULL,NULL,n,"2021-09-07 12:40:46","2021-09-12 03:00:37"
1409,강아지,그린랜드도그,미분류,n,n,NULL,NULL,n,"2021-09-07 12:40:46","2021-09-12 03:00:37"
1410,강아지,글렌오브이말테리어,미분류,n,n,NULL,NULL,n,"2021-09-07 12:40:46","2021-09-12 03:00:37"
1411,강아지,기주견,미분류,n,n,그룹없음,NULL,n,"2021-09-07 12:40:46","2021-11-02 19:18:14"
1412,강아지,노르보텐스피츠,미분류,n,n,NULL,NULL,n,"2021-09-07 12:40:46","2021-09-12 03:00:37"
1413,강아지,노르웨이엘크하운드,미분류,n,n,NULL,NULL,n,"2021-09-07 12:40:46","2021-09-12 03:00:37"
1414,강아지,노르웰지안부훈트,미분류,n,n,NULL,NULL,n,"2021-09-07 12:40:46","2021-09-12 03:00:37"
1415,강아지,노바스코셔덕톨링리트리버,미분류,n,n,NULL,NULL,n,"2021-09-07 12:40:46","2021-09-12 03:00:37"
1416,강아지,뉴기니아싱잉도그,미분류,n,n,NULL,NULL,n,"2021-09-07 12:40:46","2021-09-12 03:00:37"
1417,강아지,"대니쉬브로홀머 (대니쉬 마스티프)",미분류,n,n,NULL,NULL,n,"2021-09-07 12:40:46","2021-09-12 03:00:37"
1418,강아지,더치셰퍼드,미분류,n,n,NULL,NULL,n,"2021-09-07 12:40:46","2021-09-12 03:00:37"
1419,강아지,더치스무숀드,미분류,n,n,NULL,NULL,n,"2021-09-07 12:40:46","2021-09-12 03:00:37"
1420,강아지,던커,미분류,n,n,NULL,NULL,n,"2021-09-07 12:40:46","2021-09-12 03:00:37"
1421,강아지,도고아르젠티노,미분류,n,n,그룹3,NULL,n,"2021-09-07 12:40:46","2021-09-12 03:00:37"
1422,강아지,도그드보르도,미분류,n,n,NULL,NULL,n,"2021-09-07 12:40:46","2021-09-12 03:00:37"
1423,강아지,도이치브라케,미분류,n,n,NULL,NULL,n,"2021-09-07 12:40:46","2021-09-12 03:00:37"
1424,강아지,"동경견 (경주개)",미분류,n,n,그룹없음,NULL,n,"2021-09-07 12:40:46","2022-02-17 09:06:57"
1425,강아지,드레버,미분류,n,n,NULL,NULL,n,"2021-09-07 12:40:46","2021-09-12 03:00:37"
1426,강아지,드렌체파트리죤드,미분류,n,n,NULL,NULL,n,"2021-09-07 12:40:46","2021-09-12 03:00:37"
1427,강아지,딩고,미분류,n,n,NULL,NULL,n,"2021-09-07 12:40:46","2021-09-12 03:00:37"
1428,강아지,라고토로마그놀로,미분류,n,n,NULL,NULL,n,"2021-09-07 12:40:46","2021-09-12 03:00:37"
1429,강아지,라트비안하운드,미분류,n,n,NULL,NULL,n,"2021-09-07 12:40:46","2021-09-12 03:00:37"
1430,강아지,"라페이로도알렌테조 (포루투기스 마스티프)",미분류,n,n,NULL,NULL,n,"2021-09-07 12:40:46","2021-09-12 03:00:37"
1431,강아지,라프훈트,미분류,n,n,NULL,NULL,n,"2021-09-07 12:40:46","2021-09-12 03:00:37"
1432,강아지,랩핀포로코이라,미분류,n,n,NULL,NULL,n,"2021-09-07 12:40:46","2021-09-12 03:00:37"
1433,강아지,랫테리어,미분류,n,n,NULL,NULL,n,"2021-09-07 12:40:46","2021-09-12 03:00:37"
1434,강아지,랭카셔힐러,미분류,n,n,NULL,NULL,n,"2021-09-07 12:40:46","2021-09-12 03:00:37"
1435,강아지,러셀테리어,미분류,n,n,NULL,NULL,n,"2021-09-07 12:40:46","2021-09-12 03:00:37"
1436,강아지,러시안스파니엘,미분류,n,n,NULL,NULL,n,"2021-09-07 12:40:46","2021-09-12 03:00:37"
1437,강아지,"러시안토이 (러시안토이테리어)",미분류,n,n,NULL,NULL,n,"2021-09-07 12:40:46","2021-09-12 03:00:37"
1438,강아지,러시안하운드,미분류,n,n,NULL,NULL,n,"2021-09-07 12:40:46","2021-09-12 03:00:37"
1439,강아지,러시안할리퀸하운드,미분류,n,n,NULL,NULL,n,"2021-09-07 12:40:46","2021-09-12 03:00:37"
1440,강아지,러프콜리,미분류,n,n,NULL,NULL,n,"2021-09-07 12:40:46","2021-09-12 03:00:37"
1441,강아지,레드본쿤하운드,미분류,n,n,그룹3,NULL,n,"2021-09-07 12:40:46","2021-09-12 03:00:37"
1442,강아지,레온베르거,미분류,n,n,NULL,NULL,n,"2021-09-07 12:40:46","2021-09-12 03:00:37"
1443,강아지,렌드시어,미분류,n,n,NULL,NULL,n,"2021-09-07 12:40:46","2021-09-12 03:00:37"
1444,강아지,"로디지아리지백 (로디지안리즈백)",미분류,n,n,그룹3,NULL,n,"2021-09-07 12:40:46","2021-09-12 03:00:37"
1445,강아지,로첸,미분류,n,n,NULL,NULL,n,"2021-09-07 12:40:46","2021-09-12 03:00:37"
1446,강아지,룬데훈트,미분류,n,n,NULL,NULL,n,"2021-09-07 12:40:47","2021-09-12 03:00:37"
1447,강아지,르베스크,미분류,n,n,NULL,NULL,n,"2021-09-07 12:40:47","2021-09-12 03:00:37"
1448,강아지,리트아니안하운드,미분류,n,n,NULL,NULL,n,"2021-09-07 12:40:47","2021-09-12 03:00:37"
1449,강아지,마렘마쉽독,미분류,n,n,NULL,NULL,n,"2021-09-07 12:40:47","2021-09-12 03:00:37"
1450,강아지,마르키쉬에,미분류,n,n,NULL,NULL,n,"2021-09-07 12:40:47","2021-09-12 03:00:37"
1451,강아지,마쟈르아가르,미분류,n,n,NULL,NULL,n,"2021-09-07 12:40:47","2021-09-12 03:00:37"
1452,강아지,말티푸,미분류,n,n,그룹없음,NULL,n,"2021-09-07 12:40:47","2022-03-17 17:53:27"
1453,강아지,맨체스터테리어,미분류,n,n,NULL,NULL,n,"2021-09-07 12:40:47","2021-09-12 03:00:37"
1454,강아지,모스크바와치도그,미분류,n,n,NULL,NULL,n,"2021-09-07 12:40:47","2021-09-12 03:00:37"
1455,강아지,뮨스터랜드,미분류,n,n,NULL,NULL,n,"2021-09-07 12:40:47","2021-09-12 03:00:37"
1456,강아지,미들아시안오브차카,미분류,n,n,그룹3,NULL,n,"2021-09-07 12:40:47","2021-09-12 03:00:37"
1457,강아지,바바리안마운틴하운드,미분류,n,n,NULL,NULL,n,"2021-09-07 12:40:47","2021-09-12 03:00:37"
1458,강아지,바베트,미분류,n,n,NULL,NULL,n,"2021-09-07 12:40:47","2021-09-12 03:00:37"
1459,강아지,바셋아르테지안노르만,미분류,n,n,NULL,NULL,n,"2021-09-07 12:40:47","2021-09-12 03:00:37"
1460,강아지,"바스코타스펫츠 (스위디시 발훈트)",미분류,n,n,NULL,NULL,n,"2021-09-07 12:40:47","2021-09-12 03:00:37"
1461,강아지,"발리마운틴도그 (킨타마니)",미분류,n,n,NULL,NULL,n,"2021-09-07 12:40:47","2021-09-12 03:00:37"
1462,강아지,베르제드피레네즈,미분류,n,n,NULL,NULL,n,"2021-09-07 12:40:47","2021-09-12 03:00:37"
1463,강아지,베르제드피카르,미분류,n,n,NULL,NULL,n,"2021-09-07 12:40:47","2021-09-12 03:00:37"
1464,강아지,벨가마스코,미분류,n,n,NULL,NULL,n,"2021-09-07 12:40:47","2021-09-12 03:00:37"
1465,강아지,벨기에그로넨달,미분류,n,n,그룹3,NULL,n,"2021-09-07 12:40:47","2021-09-12 03:00:37"
1466,강아지,벨기에라케노이즈,미분류,n,n,NULL,NULL,n,"2021-09-07 12:40:47","2021-09-12 03:00:37"
1467,강아지,벨기에말리노이즈,미분류,n,n,그룹없음,NULL,n,"2021-09-07 12:40:47","2022-01-25 14:58:43"
1468,강아지,벨기에쉽독,미분류,n,n,NULL,NULL,n,"2021-09-07 12:40:47","2021-09-12 03:00:37"
1469,강아지,벨기안터브렌,미분류,n,n,NULL,NULL,n,"2021-09-07 12:40:47","2021-09-12 03:00:37"
1470,강아지,벨지안그리퐁,미분류,n,n,NULL,NULL,n,"2021-09-07 12:40:47","2021-09-12 03:00:37"
1471,강아지,보더테리어,미분류,n,n,NULL,NULL,n,"2021-09-07 12:40:47","2021-09-12 03:00:37"
1472,강아지,"보스롱 (베르제드보스)",미분류,n,n,NULL,NULL,n,"2021-09-07 12:40:47","2021-09-12 03:00:37"
1473,강아지,"보어보엘 (보볼, 남아프리카 마스티프)",미분류,n,n,NULL,NULL,n,"2021-09-07 12:40:47","2021-09-12 03:00:37"
1474,강아지,보이킨스파니엘,미분류,n,n,NULL,NULL,n,"2021-09-07 12:40:47","2021-09-12 03:00:37"
1475,강아지,볼피노이탈리아노,미분류,n,n,NULL,NULL,n,"2021-09-07 12:40:47","2021-09-12 03:00:37"
1476,강아지,부비에데플랑드르,미분류,n,n,그룹3,NULL,n,"2021-09-07 12:40:47","2021-09-12 03:00:37"
1477,강아지,브라꼬이탈리아노,미분류,n,n,NULL,NULL,n,"2021-09-07 12:40:47","2021-09-12 03:00:37"
1478,강아지,브라크다리에쥐,미분류,n,n,NULL,NULL,n,"2021-09-07 12:40:47","2021-09-12 03:00:37"
1479,강아지,브라크도베르뉴,미분류,n,n,NULL,NULL,n,"2021-09-07 12:40:47","2021-09-12 03:00:37"
1480,강아지,브라크뒤부르보네,미분류,n,n,NULL,NULL,n,"2021-09-07 12:40:47","2021-09-12 03:00:37"
1481,강아지,"브라크뒤퓌이 (브라크 프랑세)",미분류,n,n,NULL,NULL,n,"2021-09-07 12:40:47","2021-09-12 03:00:37"
1482,강아지,브라크생제르맹,미분류,n,n,NULL,NULL,n,"2021-09-07 12:40:47","2021-09-12 03:00:37"
1483,강아지,브리아드,미분류,n,n,NULL,NULL,n,"2021-09-07 12:40:47","2021-09-12 03:00:37"
1484,강아지,블랙러시안테리어,미분류,n,n,NULL,NULL,n,"2021-09-07 12:40:47","2021-09-12 03:00:37"
1485,강아지,블랙앤드탄쿤하운드,미분류,n,n,그룹3,NULL,n,"2021-09-07 12:40:47","2021-09-12 03:00:37"
1486,강아지,블러드하운드,미분류,n,n,NULL,NULL,n,"2021-09-07 12:40:47","2021-09-12 03:00:37"
1487,강아지,블루드가스코뉴,미분류,n,n,NULL,NULL,n,"2021-09-07 12:40:47","2021-09-12 03:00:37"
1488,강아지,블루틱쿤하운드,미분류,n,n,그룹3,NULL,n,"2021-09-07 12:40:47","2021-09-12 03:00:37"
1489,강아지,비글해리어,미분류,n,n,NULL,NULL,n,"2021-09-07 12:40:47","2021-09-12 03:00:37"
1490,강아지,비즐라,미분류,n,n,그룹2,NULL,n,"2021-09-07 12:40:47","2021-09-12 03:00:37"
1491,강아지,빌리,미분류,n,n,NULL,NULL,n,"2021-09-07 12:40:47","2021-09-12 03:00:37"
1492,강아지,사르로스울프하운드,미분류,n,n,그룹3,NULL,n,"2021-09-07 12:40:47","2021-09-12 03:00:37"
1493,강아지,사부에소에소파뇰,미분류,n,n,NULL,NULL,n,"2021-09-07 12:40:47","2021-09-12 03:00:37"
1494,강아지,사우스러시안오브차카,미분류,n,n,그룹3,NULL,n,"2021-09-07 12:40:47","2021-09-12 03:00:37"
1495,강아지,사플라니낙,미분류,n,n,NULL,NULL,n,"2021-09-07 12:40:47","2021-09-12 03:00:37"
1496,강아지,삭펜도스,미분류,n,n,NULL,NULL,n,"2021-09-07 12:40:47","2021-09-12 03:00:37"
1497,강아지,"샤페이 (차이니즈샤페이)",미분류,n,n,그룹1,NULL,n,"2021-09-07 12:40:47","2021-09-12 03:00:37"
1498,강아지,서섹스스파니엘,미분류,n,n,NULL,NULL,n,"2021-09-07 12:40:47","2021-09-12 03:00:37"
1499,강아지,세구지오이탈리아노,미분류,n,n,NULL,NULL,n,"2021-09-07 12:40:47","2021-09-12 03:00:37"
1500,강아지,셰터,미분류,n,n,NULL,NULL,n,"2021-09-07 12:40:47","2021-09-12 03:00:37"
1501,강아지,소프트코티드휘튼테리어,미분류,n,n,NULL,NULL,n,"2021-09-07 12:40:47","2021-09-12 03:00:37"
1502,강아지,쇼로이츠퀸틀리,미분류,n,n,NULL,NULL,n,"2021-09-07 12:40:47","2021-09-12 03:00:37"
1503,강아지,슈나우져,미분류,n,n,NULL,NULL,n,"2021-09-07 12:40:47","2021-09-12 03:00:37"
1504,강아지,스무스콜리,미분류,n,n,NULL,NULL,n,"2021-09-07 12:40:47","2021-09-12 03:00:37"
1505,강아지,스위스하운드,미분류,n,n,NULL,NULL,n,"2021-09-07 12:40:47","2021-09-12 03:00:37"
1506,강아지,스첼스퇴바레,미분류,n,n,NULL,NULL,n,"2021-09-07 12:40:47","2021-09-12 03:00:37"
1507,강아지,스카이테리어,미분류,n,n,그룹1,NULL,n,"2021-09-07 12:40:47","2021-09-12 03:00:37"
1508,강아지,스코티시디어하운드,미분류,n,n,그룹2,NULL,n,"2021-09-07 12:40:47","2021-09-12 03:00:37"
1509,강아지,스테비훈,미분류,n,n,NULL,NULL,n,"2021-09-07 12:40:47","2021-09-12 03:00:37"
1510,강아지,스트렐루프스퇴바레,미분류,n,n,NULL,NULL,n,"2021-09-07 12:40:47","2021-09-12 03:00:37"
1511,강아지,스티첼할,미분류,n,n,NULL,NULL,n,"2021-09-07 12:40:47","2021-09-12 03:00:37"
1512,강아지,스틸리안마운틴하운드,미분류,n,n,NULL,NULL,n,"2021-09-07 12:40:47","2021-09-12 03:00:37"
1513,강아지,스페니쉬마스티프,미분류,n,n,NULL,NULL,n,"2021-09-07 12:40:47","2021-09-12 03:00:37"
1514,강아지,스페니쉬포인터,미분류,n,n,NULL,NULL,n,"2021-09-07 12:40:47","2021-09-12 03:00:37"
1515,강아지,스피노네이탈리아노,미분류,n,n,NULL,NULL,n,"2021-09-07 12:40:47","2021-09-12 03:00:37"
1516,강아지,스피츠,미분류,n,n,NULL,NULL,n,"2021-09-07 12:40:47","2021-09-12 03:00:37"
1517,강아지,슬로바크쿠바,미분류,n,n,NULL,NULL,n,"2021-09-07 12:40:47","2021-09-12 03:00:37"
1518,강아지,슬로바키안하운드,미분류,n,n,NULL,NULL,n,"2021-09-07 12:40:47","2021-09-12 03:00:37"
1519,강아지,슬루기,미분류,n,n,NULL,NULL,n,"2021-09-07 12:40:47","2021-09-12 03:00:37"
1520,강아지,시르네코델레트나,미분류,n,n,NULL,NULL,n,"2021-09-07 12:40:47","2021-09-12 03:00:37"
1521,강아지,시베리안라이카,미분류,n,n,그룹3,NULL,n,"2021-09-07 12:40:47","2021-09-12 03:00:37"
1522,강아지,시엥프랑세즈,미분류,n,n,NULL,NULL,n,"2021-09-07 12:40:47","2021-09-12 03:00:37"
1523,강아지,"시코쿠 (시꼬꾸)",미분류,n,n,NULL,NULL,n,"2021-09-07 12:40:47","2021-09-12 03:00:37"
1524,강아지,실키테리어,미분류,n,n,NULL,NULL,n,"2021-09-07 12:40:47","2021-09-12 03:00:37"
1525,강아지,아나톨리아셰퍼드도그,미분류,n,n,NULL,NULL,n,"2021-09-07 12:40:47","2021-09-12 03:00:37"
1526,강아지,"아르투아하운드 (시엥다르투아)",미분류,n,n,NULL,NULL,n,"2021-09-07 12:40:47","2021-09-12 03:00:37"
1527,강아지,아리에쥬아,미분류,n,n,NULL,NULL,n,"2021-09-07 12:40:47","2021-09-12 03:00:37"
1528,강아지,아메리칸불독,미분류,n,n,그룹3,NULL,n,"2021-09-07 12:40:47","2021-09-12 03:00:37"
1529,강아지,아메리칸불리,미분류,n,n,그룹없음,NULL,n,"2021-09-07 12:40:47","2022-02-10 13:33:24"
1530,강아지,아메리칸블랙앤쿤하운드,미분류,n,n,그룹3,NULL,n,"2021-09-07 12:40:47","2021-09-12 03:00:37"
1531,강아지,아메리칸워터스파니엘,미분류,n,n,NULL,NULL,n,"2021-09-07 12:40:47","2021-09-12 03:00:38"
1532,강아지,아메리칸폭스하운드,미분류,n,n,NULL,NULL,n,"2021-09-07 12:40:47","2021-09-12 03:00:38"
1533,강아지,아이누견,미분류,n,n,NULL,NULL,n,"2021-09-07 12:40:47","2021-09-12 03:00:38"
1534,강아지,아이리시레드앤화이트세터,미분류,n,n,NULL,NULL,n,"2021-09-07 12:40:47","2021-09-12 03:00:38"
1535,강아지,아이리시워터스파니엘,미분류,n,n,NULL,NULL,n,"2021-09-07 12:40:47","2021-09-12 03:00:38"
1536,강아지,아이리시잭러셀테리어,미분류,n,n,NULL,NULL,n,"2021-09-07 12:40:47","2021-09-12 03:00:38"
1537,강아지,아이슬란드도그,미분류,n,n,NULL,NULL,n,"2021-09-07 12:40:47","2021-09-12 03:00:38"
1538,강아지,아자와크,미분류,n,n,NULL,NULL,n,"2021-09-07 12:40:47","2021-09-12 03:00:38"
1539,강아지,아크바시도그,미분류,n,n,NULL,NULL,n,"2021-09-07 12:40:47","2021-09-12 03:00:38"
1540,강아지,아펜젤러,미분류,n,n,NULL,NULL,n,"2021-09-07 12:40:47","2021-09-12 03:00:38"
1541,강아지,아펜핀셔,미분류,n,n,NULL,NULL,n,"2021-09-07 12:40:47","2021-09-12 03:00:38"
1542,강아지,알래스칸클리카이,미분류,n,n,NULL,NULL,n,"2021-09-07 12:40:47","2021-09-12 03:00:38"
1543,강아지,알핀닥스브라케,미분류,n,n,NULL,NULL,n,"2021-09-07 12:40:47","2021-09-12 03:00:38"
1544,강아지,앵글로프랑세즈,미분류,n,n,NULL,NULL,n,"2021-09-07 12:40:47","2021-09-12 03:00:38"
1545,강아지,에스키모도그,미분류,n,n,NULL,NULL,n,"2021-09-07 12:40:47","2021-09-12 03:00:38"
1546,강아지,에스토니아하운드,미분류,n,n,NULL,NULL,n,"2021-09-07 12:40:47","2021-09-12 03:00:38"
1547,강아지,에스트렐라마운틴도그,미분류,n,n,NULL,NULL,n,"2021-09-07 12:40:47","2021-09-12 03:00:38"
1548,강아지,"에이디 (시앵드라틀라스)",미분류,n,n,NULL,NULL,n,"2021-09-07 12:40:47","2021-09-12 03:00:38"
1549,강아지,에파뉴엘파카르디,미분류,n,n,NULL,NULL,n,"2021-09-07 12:40:47","2021-09-12 03:00:38"
1550,강아지,에피뉴엘퐁오드메,미분류,n,n,NULL,NULL,n,"2021-09-07 12:40:47","2021-09-12 03:00:38"
1551,강아지,에피뉴엘프랑세,미분류,n,n,NULL,NULL,n,"2021-09-07 12:40:47","2021-09-12 03:00:38"
1552,강아지,엔텔부쳐,미분류,n,n,NULL,NULL,n,"2021-09-07 12:40:47","2021-09-12 03:00:38"
1553,강아지,엘크하운드,미분류,n,n,NULL,NULL,n,"2021-09-07 12:40:47","2021-09-12 03:00:38"
1554,강아지,오스트레일리안켈피,미분류,n,n,NULL,NULL,n,"2021-09-07 12:40:47","2021-09-12 03:00:38"
1555,강아지,오스트레일리언테리어,미분류,n,n,NULL,NULL,n,"2021-09-07 12:40:47","2021-09-12 03:00:38"
1556,강아지,오스트리아브랜들브라케,미분류,n,n,NULL,NULL,n,"2021-09-07 12:40:47","2021-09-12 03:00:38"
1557,강아지,오스트리아숏트헤어드핀셔,미분류,n,n,NULL,NULL,n,"2021-09-07 12:40:47","2021-09-12 03:00:38"
1558,강아지,오우짜렉포드할안스키,미분류,n,n,NULL,NULL,n,"2021-09-07 12:40:47","2021-09-12 03:00:38"
1559,강아지,오터하운드,미분류,n,n,NULL,NULL,n,"2021-09-07 12:40:47","2021-09-12 03:00:38"
1560,강아지,올드데니쉬버드도그,미분류,n,n,NULL,NULL,n,"2021-09-07 12:40:47","2021-09-12 03:00:38"
1561,강아지,올드잉글리시불독,미분류,n,n,그룹3,NULL,n,"2021-09-07 12:40:47","2021-09-12 03:00:38"
1562,강아지,와이어헤어드포인팅그리펀,미분류,n,n,NULL,NULL,n,"2021-09-07 12:40:47","2021-09-12 03:00:38"
1563,강아지,웨스트팔라안닥스브라케,미분류,n,n,NULL,NULL,n,"2021-09-07 12:40:47","2021-09-12 03:00:38"
1564,강아지,웨터훈,미분류,n,n,NULL,NULL,n,"2021-09-07 12:40:47","2021-09-12 03:00:38"
1565,강아지,웰시스프링어스파니엘,미분류,n,n,NULL,NULL,n,"2021-09-07 12:40:47","2021-09-12 03:00:38"
1566,강아지,유고슬라비안하운드,미분류,n,n,NULL,NULL,n,"2021-09-07 12:40:47","2021-09-12 03:00:38"
1567,강아지,유라시안,미분류,n,n,NULL,NULL,n,"2021-09-07 12:40:47","2021-09-12 03:00:38"
1568,강아지,"이비전 하운드",미분류,n,n,NULL,NULL,n,"2021-09-07 12:40:47","2021-09-12 03:00:38"
1569,강아지,이스트러시안코오싱하운드,미분류,n,n,NULL,NULL,n,"2021-09-07 12:40:47","2021-09-12 03:00:38"
1570,강아지,잉글리시세터,미분류,n,n,그룹2,NULL,n,"2021-09-07 12:40:47","2021-09-12 03:00:38"
1571,강아지,잉글리시셰퍼드,미분류,n,n,NULL,NULL,n,"2021-09-07 12:40:47","2021-09-12 03:00:38"
1572,강아지,잉글리시쿤하운드,미분류,n,n,그룹3,NULL,n,"2021-09-07 12:40:47","2021-09-12 03:00:38"
1573,강아지,잉글리시토이스파니엘,미분류,n,n,NULL,NULL,n,"2021-09-07 12:40:47","2021-09-12 03:00:38"
1574,강아지,잉글리시포인터,미분류,n,n,그룹2,NULL,n,"2021-09-07 12:40:47","2021-09-12 03:00:38"
1575,강아지,잉글리시폭스하운드,미분류,n,n,NULL,NULL,n,"2021-09-07 12:40:47","2021-09-12 03:00:38"
1576,강아지,"잉카헤어리스도그 (페루비안잉카오키드)",미분류,n,n,NULL,NULL,n,"2021-09-07 12:40:47","2021-09-12 03:00:38"
1577,강아지,자이언트슈나우저,미분류,n,n,그룹3,NULL,n,"2021-09-07 12:40:47","2021-09-12 03:00:38"
1578,강아지,장모치와와,미분류,n,n,NULL,NULL,n,"2021-09-07 12:40:47","2021-09-12 03:00:38"
1579,강아지,저먼롱헤어드포인터,미분류,n,n,NULL,NULL,n,"2021-09-07 12:40:47","2021-09-12 03:00:38"
1580,강아지,저먼쇼트헤어드포인터,미분류,n,n,그룹2,NULL,n,"2021-09-07 12:40:47","2021-09-12 03:00:38"
1581,강아지,"저먼스파니엘 (도이체르바흐텔훈트)",미분류,n,n,NULL,NULL,n,"2021-09-07 12:40:47","2021-09-12 03:00:38"
1582,강아지,저먼스피츠,미분류,n,n,NULL,NULL,n,"2021-09-07 12:40:47","2021-09-12 03:00:38"
1583,강아지,저먼와이어헤어드포인터,미분류,n,n,NULL,NULL,n,"2021-09-07 12:40:47","2021-09-12 03:00:38"
1584,강아지,저먼포인터,미분류,n,n,그룹2,NULL,n,"2021-09-07 12:40:47","2021-09-12 03:00:38"
1585,강아지,저먼헌트테리어,미분류,n,n,NULL,NULL,n,"2021-09-07 12:40:47","2021-09-12 03:00:38"
1586,강아지,제페니즈미들사이즈도그,미분류,n,n,NULL,NULL,n,"2021-09-07 12:40:47","2021-09-12 03:00:38"
1587,강아지,차우차우,미분류,n,n,그룹2,NULL,n,"2021-09-07 12:40:47","2021-09-12 03:00:38"
1588,강아지,체서피크베이리트리버,미분류,n,n,NULL,NULL,n,"2021-09-07 12:40:47","2021-09-12 03:00:38"
1589,강아지,체스키테리어,미분류,n,n,NULL,NULL,n,"2021-09-07 12:40:47","2021-09-12 03:00:38"
1590,강아지,체스키포섹,미분류,n,n,NULL,NULL,n,"2021-09-07 12:40:47","2021-09-12 03:00:38"
1591,강아지,체코울프독,미분류,n,n,NULL,NULL,n,"2021-09-07 12:40:47","2021-09-12 03:00:38"
1592,강아지,"케인코르소 (카네코르소)",미분류,n,n,그룹3,NULL,n,"2021-09-07 12:40:47","2021-09-12 03:00:38"
1593,강아지,카레리언베어라이카,미분류,n,n,그룹3,NULL,n,"2021-09-07 12:40:47","2021-09-12 03:00:38"
1594,강아지,카렐로-피니쉬라이카,미분류,n,n,그룹3,NULL,n,"2021-09-07 12:40:47","2021-09-12 03:00:38"
1595,강아지,카오다세라데아이레스,미분류,n,n,NULL,NULL,n,"2021-09-07 12:40:47","2021-09-12 03:00:38"
1596,강아지,카오데카스트로라보레이로,미분류,n,n,NULL,NULL,n,"2021-09-07 12:40:47","2021-09-12 03:00:38"
1597,강아지,카탈란쉽독,미분류,n,n,NULL,NULL,n,"2021-09-07 12:40:47","2021-09-12 03:00:38"
1598,강아지,"캉갈도그 (캉갈)",미분류,n,n,NULL,NULL,n,"2021-09-07 12:40:47","2021-09-12 03:00:38"
1599,강아지,string,대형견,n,n,그룹1,n,n,"2021-09-07 12:40:47","2021-09-13 05:25:36"
1600,강아지,케니스팬더,미분류,n,n,NULL,NULL,n,"2021-09-07 12:40:47","2021-09-12 03:00:38"
1601,강아지,케이넌도그,미분류,n,n,NULL,NULL,n,"2021-09-07 12:40:47","2021-09-12 03:00:38"
1602,강아지,코몬도르,미분류,n,n,NULL,NULL,n,"2021-09-07 12:40:47","2021-09-12 03:00:38"
1603,강아지,코카시안오브차카,미분류,n,n,그룹3,NULL,n,"2021-09-07 12:40:47","2021-09-12 03:00:38"
1604,강아지,콜리,미분류,n,n,그룹3,NULL,n,"2021-09-07 12:40:47","2021-09-12 03:00:38"
1605,강아지,쿠바스,미분류,n,n,NULL,NULL,n,"2021-09-07 12:40:47","2021-09-12 03:00:38"
1606,강아지,크라스키오브카,미분류,n,n,NULL,NULL,n,"2021-09-07 12:40:47","2021-09-12 03:00:38"
1607,강아지,크로아티안쉽독,미분류,n,n,NULL,NULL,n,"2021-09-07 12:40:47","2021-09-12 03:00:38"
1608,강아지,크롬포흘뢴더,미분류,n,n,NULL,NULL,n,"2021-09-07 12:40:47","2021-09-12 03:00:38"
1609,강아지,클럼버스파니엘,미분류,n,n,NULL,NULL,n,"2021-09-07 12:40:47","2021-09-12 03:00:38"
1610,강아지,텔로미언,미분류,n,n,NULL,NULL,n,"2021-09-07 12:40:47","2021-09-12 03:00:38"
1611,강아지,토이폭스테리어,미분류,n,n,NULL,NULL,n,"2021-09-07 12:40:47","2021-09-12 03:00:38"
1612,강아지,트랜실바니안하운드,미분류,n,n,NULL,NULL,n,"2021-09-07 12:40:47","2021-09-12 03:00:38"
1613,강아지,트링워커쿤하운드,미분류,n,n,그룹3,NULL,n,"2021-09-07 12:40:47","2021-09-12 03:00:38"
1614,강아지,티롤러브라케,미분류,n,n,NULL,NULL,n,"2021-09-07 12:40:47","2021-09-12 03:00:38"
1615,강아지,파라오하운드,미분류,n,n,NULL,NULL,n,"2021-09-07 12:40:47","2021-09-12 03:00:38"
1616,강아지,파슨러셀테리어,미분류,n,n,NULL,NULL,n,"2021-09-07 12:40:47","2021-09-12 03:00:38"
1617,강아지,포르셀엔,미분류,n,n,NULL,NULL,n,"2021-09-07 12:40:47","2021-09-12 03:00:38"
1618,강아지,포르투갈워터도그,미분류,n,n,NULL,NULL,n,"2021-09-07 12:40:47","2021-09-12 03:00:38"
1619,강아지,포브드브르타뉴,미분류,n,n,NULL,NULL,n,"2021-09-07 12:40:47","2021-09-12 03:00:38"
1620,강아지,포인터,미분류,n,n,그룹없음,NULL,n,"2021-09-07 12:40:47","2022-02-07 11:28:00"
1621,강아지,폭스테리어(스무드),미분류,n,n,NULL,NULL,n,"2021-09-07 12:40:47","2021-09-12 03:00:38"
1622,강아지,폴리쉬그레이하운드,미분류,n,n,NULL,NULL,n,"2021-09-07 12:40:47","2021-09-12 03:00:38"
1623,강아지,폴리쉬하운드,미분류,n,n,NULL,NULL,n,"2021-09-07 12:40:47","2021-09-12 03:00:38"
1624,강아지,폼스키,미분류,n,n,NULL,NULL,n,"2021-09-07 12:40:47","2021-09-12 03:00:38"
1625,강아지,폼피츠,미분류,n,n,그룹없음,NULL,n,"2021-09-07 12:40:47","2022-03-23 13:46:29"
1626,강아지,푸델포인터,미분류,n,n,NULL,NULL,n,"2021-09-07 12:40:47","2021-09-12 03:00:38"
1627,강아지,푸미,미분류,n,n,NULL,NULL,n,"2021-09-07 12:40:47","2021-09-12 03:00:38"
1628,강아지,프와트뱅,미분류,n,n,NULL,NULL,n,"2021-09-07 12:40:47","2021-09-12 03:00:38"
1629,강아지,프티브라반숑,미분류,n,n,NULL,NULL,n,"2021-09-07 12:40:47","2021-09-12 03:00:38"
1630,강아지,플롯하운드,미분류,n,n,NULL,NULL,n,"2021-09-07 12:40:47","2021-09-12 03:00:38"
1631,강아지,피니쉬하운드,미분류,n,n,NULL,NULL,n,"2021-09-07 12:40:47","2021-09-12 03:00:38"
1632,강아지,피니시스피츠,미분류,n,n,NULL,NULL,n,"2021-09-07 12:40:47","2021-09-12 03:00:38"
1633,강아지,피레니안마스티프,미분류,n,n,NULL,NULL,n,"2021-09-07 12:40:47","2021-09-12 03:00:38"
1634,강아지,필드스파니엘,미분류,n,n,NULL,NULL,n,"2021-09-07 12:40:47","2021-09-12 03:00:38"
1635,강아지,필라브라질레이로,미분류,n,n,NULL,NULL,n,"2021-09-07 12:40:47","2021-09-12 03:00:38"
1636,강아지,하이젠훈트,미분류,n,n,NULL,NULL,n,"2021-09-07 12:40:47","2021-09-12 03:00:38"
1637,강아지,할델스퇴바레,미분류,n,n,NULL,NULL,n,"2021-09-07 12:40:47","2021-09-12 03:00:38"
1638,강아지,해리어,미분류,n,n,NULL,NULL,n,"2021-09-07 12:40:47","2021-09-12 03:00:38"
1639,강아지,해밀톤스퇴바레,미분류,n,n,NULL,NULL,n,"2021-09-07 12:40:47","2021-09-12 03:00:38"
1640,강아지,허배너스,미분류,n,n,NULL,NULL,n,"2021-09-07 12:40:47","2021-09-12 03:00:38"
1641,강아지,호르타이,미분류,n,n,NULL,NULL,n,"2021-09-07 12:40:47","2021-09-12 03:00:38"
1642,강아지,호바와트,미분류,n,n,NULL,NULL,n,"2021-09-07 12:40:47","2021-09-12 03:00:38"
1643,강아지,스태퍼드셔불테리어_잡종,대형견,y,y,그룹없음,NULL,n,"2021-09-07 12:40:47","2022-03-10 09:01:15"
1644,강아지,아메리칸스태퍼드셔테리어_잡종,대형견,y,y,그룹없음,NULL,n,"2021-09-07 12:40:47","2022-02-04 10:32:05"
1645,강아지,도사견_잡종,대형견,y,y,그룹없음,NULL,n,"2021-09-07 12:40:47","2022-01-06 16:37:36"
1646,강아지,로트와일러(롯트바일러)_잡종,대형견,y,y,그룹없음,NULL,n,"2021-09-07 12:40:47","2021-12-29 09:15:36"
1647,강아지,아메리칸핏불테리어_잡종,대형견,y,y,그룹없음,NULL,n,"2021-09-07 12:40:47","2021-11-25 15:53:57"
1648,강아지,교잡종,미분류,n,n,그룹2,NULL,n,"2021-09-07 12:40:47","2021-09-12 03:00:38"
1649,강아지,미텔스피츠,미분류,n,n,그룹1,NULL,n,"2021-09-07 12:40:47","2021-09-12 03:00:38"
1650,강아지,클라인스피츠,미분류,n,n,그룹1,NULL,n,"2021-09-07 12:40:47","2021-09-12 03:00:38"
1651,강아지,꼬똥드똘레아,미분류,n,n,그룹2,NULL,n,"2021-09-07 12:40:47","2021-09-12 03:00:38"
1652,강아지,기쥬,미분류,n,n,그룹3,NULL,n,"2021-09-07 12:40:47","2021-09-12 03:00:38"
2001,고양이,기타/해당없음/믹스고양이,미분류,NULL,NULL,그룹없음,y,n,"2021-09-07 12:57:10","2021-11-15 13:58:19"
2002,고양이,네벨룽,NULL,NULL,NULL,NULL,n,n,"2021-09-07 12:57:10","2021-09-07 12:57:10"
2003,고양이,노르웨이숲,NULL,NULL,NULL,NULL,y,n,"2021-09-07 12:57:10","2021-09-07 12:57:10"
2004,고양이,네바마스커레이드,NULL,NULL,NULL,NULL,y,n,"2021-09-07 12:57:10","2021-09-07 12:57:10"
2005,고양이,데본렉스,NULL,NULL,NULL,NULL,n,n,"2021-09-07 12:57:10","2021-09-07 12:57:10"
2006,고양이,돈스코이,NULL,NULL,NULL,NULL,n,n,"2021-09-07 12:57:10","2021-09-07 12:57:10"
2007,고양이,라가머핀,NULL,NULL,NULL,NULL,y,n,"2021-09-07 12:57:10","2021-09-07 12:57:10"
2008,고양이,라이코이,NULL,NULL,NULL,NULL,y,n,"2021-09-07 12:57:10","2021-09-07 12:57:10"
2009,고양이,라팜(라펌),NULL,NULL,NULL,NULL,n,n,"2021-09-07 12:57:10","2021-09-07 12:57:10"
2010,고양이,라팜(라펌)숏헤어,NULL,NULL,NULL,NULL,n,n,"2021-09-07 12:57:10","2021-09-07 12:57:10"
2011,고양이,랙돌(래그돌),NULL,NULL,NULL,그룹없음,y,n,"2021-09-07 12:57:10","2021-12-17 18:59:07"
2012,고양이,러시안블루,미분류,NULL,NULL,그룹없음,y,n,"2021-09-07 12:57:10","2021-12-01 16:03:11"
2013,고양이,맹크스,NULL,NULL,NULL,NULL,y,n,"2021-09-07 12:57:10","2021-09-07 12:57:10"
2014,고양이,먼치킨,NULL,NULL,NULL,NULL,y,n,"2021-09-07 12:57:10","2021-09-07 12:57:10"
2015,고양이,먼치킨롱헤어,NULL,NULL,NULL,NULL,n,n,"2021-09-07 12:57:10","2021-09-07 12:57:10"
2016,고양이,메인쿤,NULL,NULL,NULL,NULL,y,n,"2021-09-07 12:57:10","2021-09-07 12:57:10"
2017,고양이,메인쿤폴리델틱,NULL,NULL,NULL,NULL,n,n,"2021-09-07 12:57:10","2021-09-07 12:57:10"
2018,고양이,미뉴에트,NULL,NULL,NULL,NULL,n,n,"2021-09-07 12:57:10","2021-09-07 12:57:10"
2019,고양이,미뉴에트롱헤어,NULL,NULL,NULL,NULL,n,n,"2021-09-07 12:57:10","2021-09-07 12:57:10"
2020,고양이,발리니즈,NULL,NULL,NULL,NULL,y,n,"2021-09-07 12:57:10","2021-09-07 12:57:10"
2021,고양이,버만,NULL,NULL,NULL,NULL,y,n,"2021-09-07 12:57:10","2021-09-07 12:57:10"
2022,고양이,버미즈(버마고양이),NULL,NULL,NULL,NULL,y,n,"2021-09-07 12:57:10","2021-09-07 12:57:10"
2023,고양이,버밀라,NULL,NULL,NULL,NULL,n,n,"2021-09-07 12:57:10","2021-09-07 12:57:10"
2024,고양이,버밀라롱헤어,NULL,NULL,NULL,NULL,n,n,"2021-09-07 12:57:10","2021-09-07 12:57:10"
2025,고양이,벵갈,NULL,NULL,NULL,NULL,y,n,"2021-09-07 12:57:10","2021-09-07 12:57:10"
2026,고양이,벵갈롱헤어,NULL,NULL,NULL,NULL,n,n,"2021-09-07 12:57:10","2021-09-07 12:57:10"
2027,고양이,봄베이,NULL,NULL,NULL,NULL,y,n,"2021-09-07 12:57:10","2021-09-07 12:57:10"
2028,고양이,브리티쉬롱헤어,NULL,NULL,NULL,NULL,n,n,"2021-09-07 12:57:10","2021-09-07 12:57:10"
2029,고양이,브리티쉬숏헤어,미분류,NULL,NULL,그룹없음,y,n,"2021-09-07 12:57:10","2022-02-25 15:45:42"
2030,고양이,사바나캣,NULL,NULL,NULL,NULL,n,n,"2021-09-07 12:57:10","2021-09-07 12:57:10"
2031,고양이,샤르트뢰(샤트룩스),NULL,NULL,NULL,NULL,y,n,"2021-09-07 12:57:10","2021-09-07 12:57:10"
2032,고양이,샴(샤미즈),미분류,NULL,NULL,그룹없음,y,n,"2021-09-07 12:57:10","2022-11-17 09:37:23"
2033,고양이,세렝게티,NULL,NULL,NULL,NULL,n,n,"2021-09-07 12:57:10","2021-09-07 12:57:10"
2034,고양이,셀커크렉스,NULL,NULL,NULL,NULL,n,n,"2021-09-07 12:57:10","2021-09-07 12:57:10"
2035,고양이,셀커크렉스롱헤어,NULL,NULL,NULL,NULL,n,n,"2021-09-07 12:57:10","2021-09-07 12:57:10"
2036,고양이,소말리,NULL,NULL,NULL,NULL,y,n,"2021-09-07 12:57:10","2021-09-07 12:57:10"
2037,고양이,소이거,NULL,NULL,NULL,NULL,y,n,"2021-09-07 12:57:10","2021-09-07 12:57:10"
2038,고양이,스노우슈,NULL,NULL,NULL,NULL,y,n,"2021-09-07 12:57:10","2021-09-07 12:57:10"
2039,고양이,스코티쉬스트레이트,NULL,NULL,NULL,NULL,n,n,"2021-09-07 12:57:10","2021-09-07 12:57:10"
2040,고양이,스코티쉬폴드,NULL,NULL,NULL,그룹없음,y,n,"2021-09-07 12:57:10","2022-05-07 10:39:51"
2041,고양이,스핑크스,NULL,NULL,NULL,NULL,y,n,"2021-09-07 12:57:10","2021-09-07 12:57:10"
2042,고양이,시베리안,NULL,NULL,NULL,NULL,y,n,"2021-09-07 12:57:10","2021-09-07 12:57:10"
2043,고양이,시베리안숲,NULL,NULL,NULL,NULL,y,n,"2021-09-07 12:57:10","2021-09-07 12:57:10"
2044,고양이,싱가푸라,미분류,NULL,NULL,그룹없음,y,n,"2021-09-07 12:57:10","2023-02-13 11:33:41"
2045,고양이,씸릭(킴릭),NULL,NULL,NULL,NULL,y,n,"2021-09-07 12:57:10","2021-09-07 12:57:10"
2046,고양이,아메리칸밥테일,NULL,NULL,NULL,NULL,y,n,"2021-09-07 12:57:10","2021-09-07 12:57:10"
2047,고양이,아메리칸숏헤어,미분류,NULL,NULL,그룹없음,y,n,"2021-09-07 12:57:10","2022-11-17 09:36:56"
2048,고양이,아메리칸와이어헤어,NULL,NULL,NULL,NULL,y,n,"2021-09-07 12:57:10","2021-09-07 12:57:10"
2049,고양이,아메리칸컬,NULL,NULL,NULL,NULL,y,n,"2021-09-07 12:57:10","2021-09-07 12:57:10"
2050,고양이,아비시니안,NULL,NULL,NULL,NULL,y,n,"2021-09-07 12:57:10","2021-09-07 12:57:10"
2051,고양이,엑조틱숏헤어,NULL,NULL,NULL,NULL,y,n,"2021-09-07 12:57:10","2021-09-07 12:57:10"
2052,고양이,오리엔탈숏헤어,NULL,NULL,NULL,NULL,y,n,"2021-09-07 12:57:10","2021-09-07 12:57:10"
2053,고양이,오리엔탈롱헤어,NULL,NULL,NULL,NULL,n,n,"2021-09-07 12:57:10","2021-09-07 12:57:10"
2054,고양이,오스트레일리안미스트,NULL,NULL,NULL,NULL,n,n,"2021-09-07 12:57:10","2021-09-07 12:57:10"
2055,고양이,오시캣,NULL,NULL,NULL,NULL,y,n,"2021-09-07 12:57:10","2021-09-07 12:57:10"
2056,고양이,요크초콜릿,NULL,NULL,NULL,NULL,n,n,"2021-09-07 12:57:10","2021-09-07 12:57:10"
2057,고양이,유러피안버미즈,NULL,NULL,NULL,NULL,n,n,"2021-09-07 12:57:10","2021-09-07 12:57:10"
2058,고양이,유러피안숏헤어,NULL,NULL,NULL,NULL,y,n,"2021-09-07 12:57:10","2021-09-07 12:57:10"
2059,고양이,이집션마우,NULL,NULL,NULL,NULL,y,n,"2021-09-07 12:57:10","2021-09-07 12:57:10"
2060,고양이,자바니즈,NULL,NULL,NULL,NULL,n,n,"2021-09-07 12:57:10","2021-09-07 12:57:10"
2061,고양이,재패니즈밥테일,NULL,NULL,NULL,NULL,y,n,"2021-09-07 12:57:10","2021-09-07 12:57:10"
2062,고양이,재패니즈밥테일롱헤어,NULL,NULL,NULL,NULL,n,n,"2021-09-07 12:57:10","2021-09-07 12:57:10"
2063,고양이,차이니스리와우,NULL,NULL,NULL,NULL,n,n,"2021-09-07 12:57:10","2021-09-07 12:57:10"
2064,고양이,쵸시,NULL,NULL,NULL,NULL,n,n,"2021-09-07 12:57:10","2021-09-07 12:57:10"
2065,고양이,카오마니,NULL,NULL,NULL,NULL,y,n,"2021-09-07 12:57:10","2021-09-07 12:57:10"
2066,고양이,캘리포니아스팽글드,NULL,NULL,NULL,NULL,n,n,"2021-09-07 12:57:10","2021-09-07 12:57:10"
2067,고양이,컬러포인트숏헤어,NULL,NULL,NULL,NULL,n,n,"2021-09-07 12:57:10","2021-09-07 12:57:10"
2068,고양이,코니시렉스,NULL,NULL,NULL,NULL,n,n,"2021-09-07 12:57:10","2021-09-07 12:57:10"
2069,고양이,코랏(코랫),NULL,NULL,NULL,NULL,y,n,"2021-09-07 12:57:10","2021-09-07 12:57:10"
2070,고양이,코리안숏헤어,미분류,NULL,NULL,그룹없음,y,n,"2021-09-07 12:57:10","2021-12-01 16:12:12"
2071,고양이,쿠릴리안밥테일,NULL,NULL,NULL,NULL,n,n,"2021-09-07 12:57:11","2021-09-07 12:57:11"
2072,고양이,쿠릴리안밥테일롱헤어,NULL,NULL,NULL,NULL,n,n,"2021-09-07 12:57:11","2021-09-07 12:57:11"
2073,고양이,타이캣,NULL,NULL,NULL,NULL,y,n,"2021-09-07 12:57:11","2021-09-07 12:57:11"
2074,고양이,터키쉬반,NULL,NULL,NULL,NULL,n,n,"2021-09-07 12:57:11","2021-09-07 12:57:11"
2075,고양이,터키쉬앙고라,NULL,NULL,NULL,NULL,y,n,"2021-09-07 12:57:11","2021-09-07 12:57:11"
2076,고양이,토이거,NULL,NULL,NULL,NULL,n,n,"2021-09-07 12:57:11","2021-09-07 12:57:11"
2077,고양이,통키니즈,NULL,NULL,NULL,NULL,n,n,"2021-09-07 12:57:11","2021-09-07 12:57:11"
2078,고양이,티파니,NULL,NULL,NULL,NULL,n,n,"2021-09-07 12:57:11","2021-09-07 12:57:11"
2079,고양이,페르시안,NULL,NULL,NULL,NULL,y,n,"2021-09-07 12:57:11","2021-09-07 12:57:11"
2080,고양이,페르시안친칠라,NULL,NULL,NULL,그룹없음,y,n,"2021-09-07 12:57:11","2021-11-01 22:26:48"
2081,고양이,피터볼드,NULL,NULL,NULL,NULL,n,n,"2021-09-07 12:57:11","2021-09-07 12:57:11"
2082,고양이,픽시밥,NULL,NULL,NULL,NULL,y,n,"2021-09-07 12:57:11","2021-11-08 20:46:54"
2083,고양이,하바나브라운,NULL,NULL,NULL,NULL,n,n,"2021-09-07 12:57:11","2021-11-08 20:46:54"
2084,고양이,하이랜더,NULL,NULL,NULL,NULL,n,n,"2021-09-07 12:57:11","2021-11-08 20:46:54"
2085,고양이,히말라얀,NULL,NULL,NULL,NULL,y,n,"2021-09-07 12:57:11","2021-11-08 20:46:54"
